Datetime,Pressure,Atmosphere,Altitude,Tbm,Tds
2016-03-27 10:13:49,101128,0.9981,16.41,25.5,27.5
2016-03-27 10:13:50,101137,0.9981,15.66,25.5,27.5
2016-03-27 10:13:51,101140,0.9982,15.41,25.5,27.5
2016-03-27 10:13:52,101140,0.9982,15.41,25.5,27.5
2016-03-27 10:13:53,101140,0.9982,15.41,25.6,27.5
2016-03-27 10:13:54,101131,0.9981,16.16,25.6,27.5
2016-03-27 10:13:55,101137,0.9981,15.66,25.6,27.5
2016-03-27 10:13:56,101134,0.9981,15.91,25.5,27.5
2016-03-27 10:13:57,101140,0.9982,15.41,25.5,27.5
2016-03-27 10:13:58,101134,0.9981,15.91,25.5,27.5
2016-03-27 10:13:59,101134,0.9981,15.91,25.6,27.5
2016-03-27 10:14:00,101140,0.9982,15.41,25.5,27.5
2016-03-27 10:14:01,101134,0.9981,15.91,25.5,27.5
2016-03-27 10:14:02,101151,0.9983,14.50,25.5,27.5
2016-03-27 10:14:03,101145,0.9982,15.00,25.5,27.5
2016-03-27 10:14:04,101142,0.9982,15.25,25.6,27.5
2016-03-27 10:14:05,101140,0.9982,15.41,25.5,27.5
2016-03-27 10:14:06,101145,0.9982,15.00,25.5,27.5
2016-03-27 10:14:07,101137,0.9981,15.66,25.5,27.5
2016-03-27 10:14:08,101137,0.9981,15.66,25.5,27.5
2016-03-27 10:14:09,101142,0.9982,15.25,25.6,27.5
2016-03-27 10:14:10,101137,0.9981,15.66,25.5,27.5
2016-03-27 10:14:11,101142,0.9982,15.25,25.5,27.5
2016-03-27 10:14:13,101142,0.9982,15.25,25.5,27.5
2016-03-27 10:14:14,101131,0.9981,16.16,25.6,27.5
2016-03-27 10:14:15,101140,0.9982,15.41,25.5,27.5
2016-03-27 10:14:16,101128,0.9981,16.41,25.5,27.5
2016-03-27 10:14:17,101145,0.9982,15.00,25.6,27.5
2016-03-27 10:14:18,101137,0.9981,15.66,25.6,27.5
2016-03-27 10:14:19,101145,0.9982,15.00,25.6,27.5
2016-03-27 10:14:20,101148,0.9983,14.74,25.6,27.5
2016-03-27 10:14:21,101148,0.9983,14.74,25.5,27.5
2016-03-27 10:14:22,101140,0.9982,15.41,25.6,27.5
2016-03-27 10:14:23,101140,0.9982,15.41,25.5,27.5
2016-03-27 10:14:24,101137,0.9981,15.66,25.6,27.5
2016-03-27 10:14:25,101145,0.9982,15.00,25.5,27.5
2016-03-27 10:14:26,101140,0.9982,15.41,25.5,27.5
2016-03-27 10:14:27,101137,0.9981,15.66,25.5,27.5
2016-03-27 10:14:28,101137,0.9981,15.66,25.5,27.5
2016-03-27 10:14:29,101137,0.9981,15.66,25.6,27.5
2016-03-27 10:14:30,101131,0.9981,16.16,25.6,27.5
2016-03-27 10:14:31,101151,0.9983,14.50,25.5,27.5
2016-03-27 10:14:32,101134,0.9981,15.91,25.5,27.5
2016-03-27 10:14:33,101134,0.9981,15.91,25.5,27.5
2016-03-27 10:14:34,101145,0.9982,15.00,25.5,27.5
2016-03-27 10:14:35,101140,0.9982,15.41,25.6,27.5
2016-03-27 10:14:36,101137,0.9981,15.66,25.6,27.5
2016-03-27 10:14:38,101145,0.9982,15.00,25.5,27.5
2016-03-27 10:14:39,101145,0.9982,15.00,25.5,27.5
2016-03-27 10:14:40,101140,0.9982,15.41,25.5,27.5
2016-03-27 10:14:41,101134,0.9981,15.91,25.5,27.5
2016-03-27 10:14:42,101134,0.9981,15.91,25.5,27.5
2016-03-27 10:14:43,101145,0.9982,15.00,25.6,27.5
2016-03-27 10:14:44,101140,0.9982,15.41,25.6,27.5
2016-03-27 10:14:45,101140,0.9982,15.41,25.5,27.5
2016-03-27 10:14:46,101145,0.9982,15.00,25.6,27.5
2016-03-27 10:14:47,101145,0.9982,15.00,25.6,27.5
2016-03-27 10:14:48,101142,0.9982,15.25,25.6,27.5
2016-03-27 10:14:49,101140,0.9982,15.41,25.5,27.5
2016-03-27 10:14:50,101131,0.9981,16.16,25.5,27.5
2016-03-27 10:14:51,101145,0.9982,15.00,25.5,27.5
2016-03-27 10:14:52,101137,0.9981,15.66,25.5,27.5
2016-03-27 10:14:53,101140,0.9982,15.41,25.6,27.5
2016-03-27 10:14:54,101148,0.9983,14.74,25.6,27.5
2016-03-27 10:14:55,101134,0.9981,15.91,25.5,27.5
2016-03-27 10:14:56,101142,0.9982,15.25,25.6,27.5
2016-03-27 10:14:57,101140,0.9982,15.41,25.5,27.5
2016-03-27 10:14:58,101148,0.9983,14.74,25.6,27.5
2016-03-27 10:14:59,101137,0.9981,15.66,25.5,27.5
2016-03-27 10:15:00,101128,0.9981,16.41,25.5,27.5
2016-03-27 10:15:01,101140,0.9982,15.41,25.6,27.5
2016-03-27 10:15:03,101145,0.9982,15.00,25.5,27.5
2016-03-27 10:15:04,101131,0.9981,16.16,25.5,27.5
2016-03-27 10:15:05,101145,0.9982,15.00,25.5,27.5
2016-03-27 10:15:06,101137,0.9981,15.66,25.5,27.5
2016-03-27 10:15:07,101145,0.9982,15.00,25.6,27.5
2016-03-27 10:15:08,101140,0.9982,15.41,25.6,27.5
2016-03-27 10:15:09,101151,0.9983,14.50,25.5,27.5
2016-03-27 10:15:10,101134,0.9981,15.91,25.5,27.5
2016-03-27 10:15:11,101134,0.9981,15.91,25.5,27.5
2016-03-27 10:15:12,101137,0.9981,15.66,25.5,27.5
2016-03-27 10:15:13,101142,0.9982,15.25,25.5,27.5
2016-03-27 10:15:14,101145,0.9982,15.00,25.5,27.5
2016-03-27 10:15:15,101145,0.9982,15.00,25.5,27.5
2016-03-27 10:15:16,101122,0.9980,16.91,25.5,27.5
2016-03-27 10:15:17,101134,0.9981,15.91,25.5,27.5
2016-03-27 10:15:18,101142,0.9982,15.25,25.5,27.5
2016-03-27 10:15:19,101131,0.9981,16.16,25.5,27.5
2016-03-27 10:15:20,101137,0.9981,15.66,25.5,27.5
2016-03-27 10:15:21,101145,0.9982,15.00,25.5,27.5
2016-03-27 10:15:22,101134,0.9981,15.91,25.5,27.5
2016-03-27 10:15:23,101142,0.9982,15.25,25.5,27.5
2016-03-27 10:15:24,101139,0.9982,15.50,25.5,27.5
2016-03-27 10:15:25,101131,0.9981,16.16,25.5,27.5
2016-03-27 10:15:26,101131,0.9981,16.16,25.5,27.5
2016-03-27 10:15:28,101140,0.9982,15.41,25.5,27.5
2016-03-27 10:15:29,101137,0.9981,15.66,25.5,27.5
2016-03-27 10:15:30,101140,0.9982,15.41,25.5,27.5
2016-03-27 10:15:31,101140,0.9982,15.41,25.5,27.5
2016-03-27 10:15:32,101134,0.9981,15.91,25.5,27.5
2016-03-27 10:15:33,101128,0.9981,16.41,25.5,27.5
2016-03-27 10:15:34,101131,0.9981,16.16,25.5,27.5
2016-03-27 10:15:35,101142,0.9982,15.25,25.5,27.5
2016-03-27 10:15:36,101142,0.9982,15.25,25.5,27.5
2016-03-27 10:15:37,101140,0.9982,15.41,25.5,27.5
2016-03-27 10:15:38,101151,0.9983,14.50,25.6,27.5
2016-03-27 10:15:39,101131,0.9981,16.16,25.5,27.5
2016-03-27 10:15:40,101131,0.9981,16.16,25.5,27.5
2016-03-27 10:15:41,101140,0.9982,15.41,25.5,27.5
2016-03-27 10:15:42,101151,0.9983,14.50,25.5,27.5
2016-03-27 10:15:43,101139,0.9982,15.50,25.5,27.5
2016-03-27 10:15:44,101131,0.9981,16.16,25.5,27.5
2016-03-27 10:15:45,101131,0.9981,16.16,25.5,27.5
2016-03-27 10:15:46,101128,0.9981,16.41,25.5,27.5
2016-03-27 10:15:47,101134,0.9981,15.91,25.5,27.5
2016-03-27 10:15:48,101142,0.9982,15.25,25.5,27.5
2016-03-27 10:15:49,101140,0.9982,15.41,25.5,27.3
2016-03-27 10:15:50,101131,0.9981,16.16,25.5,27.3
2016-03-27 10:15:51,101142,0.9982,15.25,25.5,27.3
2016-03-27 10:15:53,101139,0.9982,15.50,25.5,27.3
2016-03-27 10:15:54,101134,0.9981,15.91,25.5,27.3
2016-03-27 10:15:55,101131,0.9981,16.16,25.5,27.3
2016-03-27 10:15:56,101131,0.9981,16.16,25.5,27.3
2016-03-27 10:15:57,101142,0.9982,15.25,25.5,27.3
2016-03-27 10:15:58,101140,0.9982,15.41,25.5,27.3
2016-03-27 10:15:59,101131,0.9981,16.16,25.5,27.3
2016-03-27 10:16:00,101131,0.9981,16.16,25.5,27.3
2016-03-27 10:16:01,101122,0.9980,16.91,25.5,27.3
2016-03-27 10:16:02,101131,0.9981,16.16,25.5,27.3
2016-03-27 10:16:03,101131,0.9981,16.16,25.5,27.3
2016-03-27 10:16:04,101134,0.9981,15.91,25.5,27.3
2016-03-27 10:16:05,101134,0.9981,15.91,25.5,27.3
2016-03-27 10:16:06,101137,0.9981,15.66,25.5,27.3
2016-03-27 10:16:07,101134,0.9981,15.91,25.5,27.3
2016-03-27 10:16:08,101125,0.9980,16.66,25.5,27.3
2016-03-27 10:16:09,101137,0.9981,15.66,25.5,27.3
2016-03-27 10:16:10,101142,0.9982,15.25,25.5,27.3
2016-03-27 10:16:11,101148,0.9983,14.74,25.5,27.3
2016-03-27 10:16:12,101128,0.9981,16.41,25.5,27.3
2016-03-27 10:16:13,101137,0.9981,15.66,25.5,27.3
2016-03-27 10:16:14,101131,0.9981,16.16,25.5,27.3
2016-03-27 10:16:15,101139,0.9982,15.50,25.5,27.3
2016-03-27 10:16:17,101137,0.9981,15.66,25.5,27.3
2016-03-27 10:16:18,101131,0.9981,16.16,25.5,27.3
2016-03-27 10:16:19,101137,0.9981,15.66,25.5,27.3
2016-03-27 10:16:20,101131,0.9981,16.16,25.5,27.3
2016-03-27 10:16:21,101140,0.9982,15.41,25.5,27.3
2016-03-27 10:16:22,101131,0.9981,16.16,25.5,27.3
2016-03-27 10:16:23,101131,0.9981,16.16,25.5,27.3
2016-03-27 10:16:24,101131,0.9981,16.16,25.5,27.3
2016-03-27 10:16:25,101142,0.9982,15.25,25.5,27.3
2016-03-27 10:16:26,101128,0.9981,16.41,25.5,27.3
2016-03-27 10:16:27,101137,0.9981,15.66,25.5,27.3
2016-03-27 10:16:28,101131,0.9981,16.16,25.5,27.3
2016-03-27 10:16:29,101134,0.9981,15.91,25.5,27.3
2016-03-27 10:16:30,101137,0.9981,15.66,25.5,27.3
2016-03-27 10:16:31,101139,0.9982,15.50,25.5,27.3
2016-03-27 10:16:32,101125,0.9980,16.66,25.5,27.3
2016-03-27 10:16:33,101137,0.9981,15.66,25.5,27.3
2016-03-27 10:16:34,101128,0.9981,16.41,25.5,27.3
2016-03-27 10:16:35,101134,0.9981,15.91,25.5,27.3
2016-03-27 10:16:36,101134,0.9981,15.91,25.5,27.3
2016-03-27 10:16:37,101139,0.9982,15.50,25.5,27.3
2016-03-27 10:16:38,101145,0.9982,15.00,25.5,27.3
2016-03-27 10:16:39,101134,0.9981,15.91,25.5,27.3
2016-03-27 10:16:40,101131,0.9981,16.16,25.5,27.3
2016-03-27 10:16:42,101128,0.9981,16.41,25.5,27.3
2016-03-27 10:16:43,101140,0.9982,15.41,25.5,27.3
2016-03-27 10:16:44,101131,0.9981,16.16,25.5,27.3
2016-03-27 10:16:45,101134,0.9981,15.91,25.5,27.3
2016-03-27 10:16:46,101134,0.9981,15.91,25.5,27.3
2016-03-27 10:16:47,101140,0.9982,15.41,25.5,27.3
2016-03-27 10:16:48,101128,0.9981,16.41,25.5,27.3
2016-03-27 10:16:49,101131,0.9981,16.16,25.5,27.3
2016-03-27 10:16:50,101134,0.9981,15.91,25.5,27.3
2016-03-27 10:16:51,101137,0.9981,15.66,25.5,27.3
2016-03-27 10:16:52,101137,0.9981,15.66,25.5,27.3
2016-03-27 10:16:53,101137,0.9981,15.66,25.5,27.3
2016-03-27 10:16:54,101137,0.9981,15.66,25.5,27.3
2016-03-27 10:16:55,101125,0.9980,16.66,25.5,27.3
2016-03-27 10:16:56,101131,0.9981,16.16,25.5,27.3
2016-03-27 10:16:57,101128,0.9981,16.41,25.5,27.3
2016-03-27 10:16:58,101131,0.9981,16.16,25.5,27.3
2016-03-27 10:16:59,101140,0.9982,15.41,25.5,27.3
2016-03-27 10:17:00,101131,0.9981,16.16,25.5,27.3
2016-03-27 10:17:01,101131,0.9981,16.16,25.5,27.3
2016-03-27 10:17:02,101131,0.9981,16.16,25.5,27.3
2016-03-27 10:17:03,101134,0.9981,15.91,25.5,27.3
2016-03-27 10:17:04,101145,0.9982,15.00,25.5,27.3
2016-03-27 10:17:05,101134,0.9981,15.91,25.5,27.3
2016-03-27 10:17:07,101140,0.9982,15.41,25.5,27.3
2016-03-27 10:17:08,101140,0.9982,15.41,25.5,27.3
2016-03-27 10:17:09,101122,0.9980,16.91,25.6,27.3
2016-03-27 10:17:10,101145,0.9982,15.00,25.5,27.3
2016-03-27 10:17:11,101128,0.9981,16.41,25.5,27.3
2016-03-27 10:17:12,101134,0.9981,15.91,25.5,27.3
2016-03-27 10:17:13,101140,0.9982,15.41,25.5,27.3
2016-03-27 10:17:14,101134,0.9981,15.91,25.5,27.3
2016-03-27 10:17:15,101145,0.9982,15.00,25.5,27.3
2016-03-27 10:17:16,101145,0.9982,15.00,25.5,27.3
2016-03-27 10:17:17,101137,0.9981,15.66,25.5,27.3
2016-03-27 10:17:18,101131,0.9981,16.16,25.5,27.3
2016-03-27 10:17:19,101140,0.9982,15.41,25.5,27.3
2016-03-27 10:17:20,101145,0.9982,15.00,25.5,27.3
2016-03-27 10:17:21,101134,0.9981,15.91,25.5,27.3
2016-03-27 10:17:22,101131,0.9981,16.16,25.5,27.3
2016-03-27 10:17:23,101148,0.9983,14.74,25.5,27.3
2016-03-27 10:17:24,101134,0.9981,15.91,25.5,27.3
2016-03-27 10:17:25,101134,0.9981,15.91,25.5,27.3
2016-03-27 10:17:26,101128,0.9981,16.41,25.5,27.3
2016-03-27 10:17:27,101137,0.9981,15.66,25.5,27.3
2016-03-27 10:17:28,101137,0.9981,15.66,25.5,27.3
2016-03-27 10:17:29,101119,0.9980,17.16,25.5,27.3
2016-03-27 10:17:30,101140,0.9982,15.41,25.5,27.3
2016-03-27 10:17:32,101134,0.9981,15.91,25.5,27.3
2016-03-27 10:17:33,101128,0.9981,16.41,25.5,27.3
2016-03-27 10:17:34,101142,0.9982,15.25,25.5,27.3
2016-03-27 10:17:35,101140,0.9982,15.41,25.5,27.3
2016-03-27 10:17:36,101140,0.9982,15.41,25.5,27.3
2016-03-27 10:17:37,101131,0.9981,16.16,25.5,27.3
2016-03-27 10:17:38,101140,0.9982,15.41,25.6,27.3
2016-03-27 10:17:39,101140,0.9982,15.41,25.5,27.3
2016-03-27 10:17:40,101125,0.9980,16.66,25.5,27.3
2016-03-27 10:17:41,101140,0.9982,15.41,25.5,27.3
2016-03-27 10:17:42,101140,0.9982,15.41,25.5,27.3
2016-03-27 10:17:43,101142,0.9982,15.25,25.5,27.3
2016-03-27 10:17:44,101145,0.9982,15.00,25.5,27.3
2016-03-27 10:17:45,101134,0.9981,15.91,25.5,27.3
2016-03-27 10:17:46,101137,0.9981,15.66,25.6,27.3
2016-03-27 10:17:47,101140,0.9982,15.41,25.5,27.3
2016-03-27 10:17:48,101128,0.9981,16.41,25.5,27.3
2016-03-27 10:17:49,101140,0.9982,15.41,25.6,27.3
2016-03-27 10:17:50,101140,0.9982,15.41,25.5,27.3
2016-03-27 10:17:51,101142,0.9982,15.25,25.5,27.3
2016-03-27 10:17:52,101134,0.9981,15.91,25.5,27.3
2016-03-27 10:17:53,101140,0.9982,15.41,25.5,27.3
2016-03-27 10:17:54,101140,0.9982,15.41,25.6,27.3
2016-03-27 10:17:55,101142,0.9982,15.25,25.6,27.3
2016-03-27 10:17:57,101140,0.9982,15.41,25.6,27.3
2016-03-27 10:17:58,101134,0.9981,15.91,25.6,27.3
2016-03-27 10:17:59,101137,0.9981,15.66,25.5,27.3
2016-03-27 10:18:00,101140,0.9982,15.41,25.6,27.3
2016-03-27 10:18:01,101137,0.9981,15.66,25.6,27.3
2016-03-27 10:18:02,101134,0.9981,15.91,25.5,27.3
2016-03-27 10:18:03,101122,0.9980,16.91,25.5,27.3
2016-03-27 10:18:04,101137,0.9981,15.66,25.6,27.3
2016-03-27 10:18:05,101151,0.9983,14.50,25.6,27.3
2016-03-27 10:18:06,101131,0.9981,16.16,25.5,27.3
2016-03-27 10:18:07,101134,0.9981,15.91,25.5,27.3
2016-03-27 10:18:08,101140,0.9982,15.41,25.5,27.3
2016-03-27 10:18:09,101134,0.9981,15.91,25.5,27.3
2016-03-27 10:18:10,101137,0.9981,15.66,25.6,27.3
2016-03-27 10:18:11,101128,0.9981,16.41,25.6,27.3
2016-03-27 10:18:12,101134,0.9981,15.91,25.5,27.3
2016-03-27 10:18:13,101134,0.9981,15.91,25.5,27.3
2016-03-27 10:18:14,101134,0.9981,15.91,25.5,27.3
2016-03-27 10:18:15,101137,0.9981,15.66,25.5,27.3
2016-03-27 10:18:16,101137,0.9981,15.66,25.5,27.3
2016-03-27 10:18:17,101145,0.9982,15.00,25.5,27.3
2016-03-27 10:18:18,101128,0.9981,16.41,25.5,27.3
2016-03-27 10:18:19,101125,0.9980,16.66,25.6,27.3
2016-03-27 10:18:20,101128,0.9981,16.41,25.6,27.3
2016-03-27 10:18:22,101137,0.9981,15.66,25.6,27.3
2016-03-27 10:18:23,101131,0.9981,16.16,25.6,27.3
2016-03-27 10:18:24,101128,0.9981,16.41,25.5,27.3
2016-03-27 10:18:25,101142,0.9982,15.25,25.6,27.3
2016-03-27 10:18:26,101142,0.9982,15.25,25.6,27.3
2016-03-27 10:18:27,101148,0.9983,14.74,25.6,27.3
2016-03-27 10:18:28,101142,0.9982,15.25,25.6,27.3
2016-03-27 10:18:29,101134,0.9981,15.91,25.5,27.3
2016-03-27 10:18:30,101134,0.9981,15.91,25.6,27.3
2016-03-27 10:18:31,101128,0.9981,16.41,25.5,27.3
2016-03-27 10:18:32,101137,0.9981,15.66,25.6,27.3
2016-03-27 10:18:33,101140,0.9982,15.41,25.6,27.3
2016-03-27 10:18:34,101142,0.9982,15.25,25.6,27.3
2016-03-27 10:18:35,101140,0.9982,15.41,25.6,27.3
2016-03-27 10:18:36,101131,0.9981,16.16,25.5,27.3
2016-03-27 10:18:37,101142,0.9982,15.25,25.6,27.3
2016-03-27 10:18:38,101145,0.9982,15.00,25.5,27.3
2016-03-27 10:18:39,101142,0.9982,15.25,25.6,27.3
2016-03-27 10:18:40,101137,0.9981,15.66,25.6,27.3
2016-03-27 10:18:41,101125,0.9980,16.66,25.5,27.3
2016-03-27 10:18:42,101128,0.9981,16.41,25.6,27.3
2016-03-27 10:18:43,101140,0.9982,15.41,25.5,27.3
2016-03-27 10:18:44,101134,0.9981,15.91,25.5,27.3
2016-03-27 10:18:45,101128,0.9981,16.41,25.5,27.3
2016-03-27 10:18:47,101125,0.9980,16.66,25.5,27.3
2016-03-27 10:18:48,101137,0.9981,15.66,25.6,27.3
2016-03-27 10:18:49,101142,0.9982,15.25,25.6,27.3
2016-03-27 10:18:50,101140,0.9982,15.41,25.6,27.3
2016-03-27 10:18:51,101131,0.9981,16.16,25.5,27.3
2016-03-27 10:18:52,101140,0.9982,15.41,25.6,27.3
2016-03-27 10:18:53,101137,0.9981,15.66,25.6,27.3
2016-03-27 10:18:54,101122,0.9980,16.91,25.5,27.3
2016-03-27 10:18:55,101134,0.9981,15.91,25.5,27.3
2016-03-27 10:18:56,101140,0.9982,15.41,25.5,27.3
2016-03-27 10:18:57,101140,0.9982,15.41,25.5,27.3
2016-03-27 10:18:58,101137,0.9981,15.66,25.5,27.3
2016-03-27 10:18:59,101137,0.9981,15.66,25.5,27.3
2016-03-27 10:19:00,101142,0.9982,15.25,25.5,27.3
2016-03-27 10:19:01,101134,0.9981,15.91,25.5,27.3
2016-03-27 10:19:02,101128,0.9981,16.41,25.5,27.3
2016-03-27 10:19:03,101134,0.9981,15.91,25.5,27.3
2016-03-27 10:19:04,101137,0.9981,15.66,25.5,27.3
2016-03-27 10:19:05,101137,0.9981,15.66,25.6,27.3
2016-03-27 10:19:06,101145,0.9982,15.00,25.6,27.3
2016-03-27 10:19:07,101140,0.9982,15.41,25.5,27.3
2016-03-27 10:19:08,101122,0.9980,16.91,25.5,27.3
2016-03-27 10:19:09,101140,0.9982,15.41,25.5,27.3
2016-03-27 10:19:11,101137,0.9981,15.66,25.5,27.3
2016-03-27 10:19:12,101134,0.9981,15.91,25.5,27.3
2016-03-27 10:19:13,101137,0.9981,15.66,25.5,27.3
2016-03-27 10:19:14,101145,0.9982,15.00,25.5,27.3
2016-03-27 10:19:15,101122,0.9980,16.91,25.5,27.3
2016-03-27 10:19:16,101134,0.9981,15.91,25.5,27.3
2016-03-27 10:19:17,101142,0.9982,15.25,25.5,27.3
2016-03-27 10:19:18,101134,0.9981,15.91,25.5,27.3
2016-03-27 10:19:19,101128,0.9981,16.41,25.5,27.3
2016-03-27 10:19:20,101122,0.9980,16.91,25.5,27.3
2016-03-27 10:19:21,101142,0.9982,15.25,25.6,27.3
2016-03-27 10:19:22,101137,0.9981,15.66,25.5,27.3
2016-03-27 10:19:23,101142,0.9982,15.25,25.6,27.3
2016-03-27 10:19:24,101131,0.9981,16.16,25.6,27.3
2016-03-27 10:19:25,101140,0.9982,15.41,25.5,27.3
2016-03-27 10:19:26,101134,0.9981,15.91,25.5,27.3
2016-03-27 10:19:27,101134,0.9981,15.91,25.5,27.3
2016-03-27 10:19:28,101151,0.9983,14.50,25.5,27.3
2016-03-27 10:19:29,101137,0.9981,15.66,25.5,27.3
2016-03-27 10:19:30,101134,0.9981,15.91,25.6,27.3
2016-03-27 10:19:31,101134,0.9981,15.91,25.5,27.3
2016-03-27 10:19:32,101145,0.9982,15.00,25.5,27.3
2016-03-27 10:19:33,101140,0.9982,15.41,25.5,27.3
2016-03-27 10:19:34,101134,0.9981,15.91,25.5,27.3
2016-03-27 10:19:36,101137,0.9981,15.66,25.5,27.3
2016-03-27 10:19:37,101137,0.9981,15.66,25.5,27.3
2016-03-27 10:19:38,101131,0.9981,16.16,25.5,27.3
2016-03-27 10:19:39,101131,0.9981,16.16,25.5,27.3
2016-03-27 10:19:40,101137,0.9981,15.66,25.5,27.3
2016-03-27 10:19:41,101140,0.9982,15.41,25.6,27.3
2016-03-27 10:19:42,101145,0.9982,15.00,25.6,27.3
2016-03-27 10:19:43,101145,0.9982,15.00,25.5,27.3
2016-03-27 10:19:44,101140,0.9982,15.41,25.5,27.3
2016-03-27 10:19:45,101122,0.9980,16.91,25.5,27.3
2016-03-27 10:19:46,101145,0.9982,15.00,25.6,27.3
2016-03-27 10:19:47,101128,0.9981,16.41,25.5,27.3
2016-03-27 10:19:48,101137,0.9981,15.66,25.5,27.3
2016-03-27 10:19:49,101137,0.9981,15.66,25.5,27.3
2016-03-27 10:19:50,101140,0.9982,15.41,25.5,27.3
2016-03-27 10:19:51,101137,0.9981,15.66,25.5,27.3
2016-03-27 10:19:52,101142,0.9982,15.25,25.6,27.3
2016-03-27 10:19:53,101137,0.9981,15.66,25.5,27.3
2016-03-27 10:19:54,101134,0.9981,15.91,25.5,27.3
2016-03-27 10:19:55,101128,0.9981,16.41,25.5,27.3
2016-03-27 10:19:56,101131,0.9981,16.16,25.5,27.3
2016-03-27 10:19:57,101128,0.9981,16.41,25.5,27.3
2016-03-27 10:19:58,101134,0.9981,15.91,25.6,27.3
2016-03-27 10:19:59,101134,0.9981,15.91,25.5,27.3
2016-03-27 10:20:01,101140,0.9982,15.41,25.5,27.3
2016-03-27 10:20:02,101137,0.9981,15.66,25.5,27.3
2016-03-27 10:20:03,101134,0.9981,15.91,25.5,27.3
2016-03-27 10:20:04,101125,0.9980,16.66,25.5,27.3
2016-03-27 10:20:05,101134,0.9981,15.91,25.5,27.3
2016-03-27 10:20:06,101137,0.9981,15.66,25.5,27.3
2016-03-27 10:20:07,101137,0.9981,15.66,25.5,27.3
2016-03-27 10:20:08,101140,0.9982,15.41,25.5,27.3
2016-03-27 10:20:09,101140,0.9982,15.41,25.5,27.3
2016-03-27 10:20:10,101142,0.9982,15.25,25.5,27.3
2016-03-27 10:20:11,101140,0.9982,15.41,25.5,27.3
2016-03-27 10:20:12,101128,0.9981,16.41,25.5,27.3
2016-03-27 10:20:13,101134,0.9981,15.91,25.5,27.3
2016-03-27 10:20:14,101134,0.9981,15.91,25.5,27.3
2016-03-27 10:20:15,101134,0.9981,15.91,25.5,27.3
2016-03-27 10:20:16,101128,0.9981,16.41,25.5,27.3
2016-03-27 10:20:17,101131,0.9981,16.16,25.5,27.3
2016-03-27 10:20:18,101140,0.9982,15.41,25.5,27.3
2016-03-27 10:20:19,101142,0.9982,15.25,25.6,27.3
2016-03-27 10:20:20,101134,0.9981,15.91,25.5,27.3
2016-03-27 10:20:21,101137,0.9981,15.66,25.5,27.3
2016-03-27 10:20:22,101145,0.9982,15.00,25.6,27.3
2016-03-27 10:20:23,101137,0.9981,15.66,25.5,27.3
2016-03-27 10:20:24,101145,0.9982,15.00,25.5,27.3
2016-03-27 10:20:26,101142,0.9982,15.25,25.5,27.3
2016-03-27 10:20:27,101140,0.9982,15.41,25.6,27.3
2016-03-27 10:20:28,101128,0.9981,16.41,25.5,27.3
2016-03-27 10:20:29,101137,0.9981,15.66,25.5,27.3
2016-03-27 10:20:30,101140,0.9982,15.41,25.5,27.3
2016-03-27 10:20:31,101137,0.9981,15.66,25.5,27.3
2016-03-27 10:20:32,101145,0.9982,15.00,25.5,27.3
2016-03-27 10:20:33,101134,0.9981,15.91,25.5,27.3
2016-03-27 10:20:34,101137,0.9981,15.66,25.6,27.3
2016-03-27 10:20:35,101134,0.9981,15.91,25.5,27.3
2016-03-27 10:20:36,101145,0.9982,15.00,25.5,27.3
2016-03-27 10:20:37,101128,0.9981,16.41,25.6,27.3
2016-03-27 10:20:38,101137,0.9981,15.66,25.6,27.3
2016-03-27 10:20:39,101134,0.9981,15.91,25.5,27.3
2016-03-27 10:20:40,101125,0.9980,16.66,25.5,27.3
2016-03-27 10:20:41,101145,0.9982,15.00,25.6,27.3
2016-03-27 10:20:42,101134,0.9981,15.91,25.5,27.3
2016-03-27 10:20:43,101128,0.9981,16.41,25.6,27.3
2016-03-27 10:20:44,101140,0.9982,15.41,25.6,27.3
2016-03-27 10:20:45,101137,0.9981,15.66,25.5,27.3
2016-03-27 10:20:46,101140,0.9982,15.41,25.5,27.3
2016-03-27 10:20:47,101145,0.9982,15.00,25.6,27.3
2016-03-27 10:20:48,101145,0.9982,15.00,25.5,27.3
2016-03-27 10:20:49,101148,0.9983,14.74,25.6,27.3
2016-03-27 10:20:51,101134,0.9981,15.91,25.5,27.3
2016-03-27 10:20:52,101142,0.9982,15.25,25.6,27.3
2016-03-27 10:20:53,101140,0.9982,15.41,25.6,27.3
2016-03-27 10:20:54,101137,0.9981,15.66,25.5,27.3
2016-03-27 10:20:55,101145,0.9982,15.00,25.6,27.3
2016-03-27 10:20:56,101142,0.9982,15.25,25.5,27.3
2016-03-27 10:20:57,101142,0.9982,15.25,25.6,27.3
2016-03-27 10:20:58,101142,0.9982,15.25,25.5,27.3
2016-03-27 10:20:59,101140,0.9982,15.41,25.5,27.3
2016-03-27 10:21:00,101134,0.9981,15.91,25.5,27.3
2016-03-27 10:21:01,101134,0.9981,15.91,25.6,27.3
2016-03-27 10:21:02,101134,0.9981,15.91,25.5,27.3
2016-03-27 10:21:03,101137,0.9981,15.66,25.6,27.3
2016-03-27 10:21:04,101134,0.9981,15.91,25.5,27.3
2016-03-27 10:21:05,101140,0.9982,15.41,25.6,27.3
2016-03-27 10:21:06,101134,0.9981,15.91,25.6,27.3
2016-03-27 10:21:07,101131,0.9981,16.16,25.5,27.3
2016-03-27 10:21:08,101122,0.9980,16.91,25.5,27.3
2016-03-27 10:21:09,101134,0.9981,15.91,25.5,27.3
2016-03-27 10:21:10,101137,0.9981,15.66,25.6,27.3
2016-03-27 10:21:11,101131,0.9981,16.16,25.5,27.3
2016-03-27 10:21:12,101142,0.9982,15.25,25.6,27.3
2016-03-27 10:21:13,101122,0.9980,16.91,25.5,27.3
2016-03-27 10:21:14,101134,0.9981,15.91,25.5,27.3
2016-03-27 10:21:16,101140,0.9982,15.41,25.6,27.3
2016-03-27 10:21:17,101131,0.9981,16.16,25.5,27.3
2016-03-27 10:21:18,101131,0.9981,16.16,25.5,27.3
2016-03-27 10:21:19,101134,0.9981,15.91,25.5,27.3
2016-03-27 10:21:20,101134,0.9981,15.91,25.5,27.3
2016-03-27 10:21:21,101137,0.9981,15.66,25.6,27.3
2016-03-27 10:21:22,101134,0.9981,15.91,25.5,27.3
2016-03-27 10:21:23,101140,0.9982,15.41,25.5,27.3
2016-03-27 10:21:24,101128,0.9981,16.41,25.5,27.3
2016-03-27 10:21:25,101140,0.9982,15.41,25.6,27.3
2016-03-27 10:21:26,101142,0.9982,15.25,25.6,27.3
2016-03-27 10:21:27,101142,0.9982,15.25,25.5,27.3
2016-03-27 10:21:28,101137,0.9981,15.66,25.5,27.3
2016-03-27 10:21:29,101131,0.9981,16.16,25.5,27.3
2016-03-27 10:21:30,101140,0.9982,15.41,25.6,27.3
2016-03-27 10:21:31,101131,0.9981,16.16,25.5,27.3
2016-03-27 10:21:32,101131,0.9981,16.16,25.5,27.3
2016-03-27 10:21:33,101142,0.9982,15.25,25.6,27.3
2016-03-27 10:21:34,101142,0.9982,15.25,25.5,27.3
2016-03-27 10:21:35,101134,0.9981,15.91,25.5,27.3
2016-03-27 10:21:36,101140,0.9982,15.41,25.6,27.3
2016-03-27 10:21:37,101128,0.9981,16.41,25.5,27.3
2016-03-27 10:21:38,101131,0.9981,16.16,25.5,27.3
2016-03-27 10:21:39,101128,0.9981,16.41,25.5,27.3
2016-03-27 10:21:41,101134,0.9981,15.91,25.5,27.3
2016-03-27 10:21:42,101128,0.9981,16.41,25.5,27.3
2016-03-27 10:21:43,101140,0.9982,15.41,25.5,27.3
2016-03-27 10:21:44,101137,0.9981,15.66,25.5,27.3
2016-03-27 10:21:45,101137,0.9981,15.66,25.5,27.3
2016-03-27 10:21:46,101134,0.9981,15.91,25.5,27.3
2016-03-27 10:21:47,101134,0.9981,15.91,25.5,27.3
2016-03-27 10:21:48,101142,0.9982,15.25,25.5,27.3
2016-03-27 10:21:49,101140,0.9982,15.41,25.5,27.3
2016-03-27 10:21:50,101140,0.9982,15.41,25.5,27.3
2016-03-27 10:21:51,101125,0.9980,16.66,25.5,27.3
2016-03-27 10:21:52,101134,0.9981,15.91,25.5,27.3
2016-03-27 10:21:53,101140,0.9982,15.41,25.5,27.3
2016-03-27 10:21:54,101134,0.9981,15.91,25.5,27.3
2016-03-27 10:21:55,101134,0.9981,15.91,25.5,27.3
2016-03-27 10:21:56,101140,0.9982,15.41,25.5,27.3
2016-03-27 10:21:57,101142,0.9982,15.25,25.5,27.3
2016-03-27 10:21:58,101125,0.9980,16.66,25.5,27.3
2016-03-27 10:21:59,101140,0.9982,15.41,25.5,27.3
2016-03-27 10:22:00,101140,0.9982,15.41,25.5,27.3
2016-03-27 10:22:01,101145,0.9982,15.00,25.5,27.3
2016-03-27 10:22:02,101131,0.9981,16.16,25.5,27.3
2016-03-27 10:22:03,101128,0.9981,16.41,25.5,27.3
2016-03-27 10:22:05,101134,0.9981,15.91,25.5,27.3
2016-03-27 10:22:06,101131,0.9981,16.16,25.5,27.3
2016-03-27 10:22:07,101140,0.9982,15.41,25.5,27.3
2016-03-27 10:22:08,101140,0.9982,15.41,25.5,27.3
2016-03-27 10:22:09,101128,0.9981,16.41,25.5,27.3
2016-03-27 10:22:10,101140,0.9982,15.41,25.5,27.3
2016-03-27 10:22:11,101140,0.9982,15.41,25.5,27.3
2016-03-27 10:22:12,101145,0.9982,15.00,25.5,27.3
2016-03-27 10:22:13,101119,0.9980,17.16,25.5,27.3
2016-03-27 10:22:14,101139,0.9982,15.50,25.5,27.3
2016-03-27 10:22:15,101131,0.9981,16.16,25.5,27.3
2016-03-27 10:22:16,101134,0.9981,15.91,25.5,27.3
2016-03-27 10:22:17,101134,0.9981,15.91,25.5,27.3
2016-03-27 10:22:18,101131,0.9981,16.16,25.5,27.3
2016-03-27 10:22:19,101128,0.9981,16.41,25.5,27.3
2016-03-27 10:22:20,101137,0.9981,15.66,25.5,27.3
2016-03-27 10:22:21,101137,0.9981,15.66,25.5,27.3
2016-03-27 10:22:22,101128,0.9981,16.41,25.5,27.3
2016-03-27 10:22:23,101128,0.9981,16.41,25.5,27.3
2016-03-27 10:22:24,101137,0.9981,15.66,25.5,27.3
2016-03-27 10:22:25,101131,0.9981,16.16,25.5,27.3
2016-03-27 10:22:26,101137,0.9981,15.66,25.5,27.3
2016-03-27 10:22:27,101137,0.9981,15.66,25.5,27.3
2016-03-27 10:22:28,101134,0.9981,15.91,25.5,27.3
2016-03-27 10:22:30,101148,0.9983,14.74,25.5,27.3
2016-03-27 10:22:31,101137,0.9981,15.66,25.5,27.3
2016-03-27 10:22:32,101134,0.9981,15.91,25.5,27.3
2016-03-27 10:22:33,101145,0.9982,15.00,25.5,27.3
2016-03-27 10:22:34,101139,0.9982,15.50,25.5,27.3
2016-03-27 10:22:35,101134,0.9981,15.91,25.5,27.3
2016-03-27 10:22:36,101137,0.9981,15.66,25.5,27.3
2016-03-27 10:22:37,101134,0.9981,15.91,25.5,27.3
2016-03-27 10:22:38,101137,0.9981,15.66,25.5,27.3
2016-03-27 10:22:39,101139,0.9982,15.50,25.5,27.3
2016-03-27 10:22:40,101137,0.9981,15.66,25.5,27.3
2016-03-27 10:22:41,101142,0.9982,15.25,25.5,27.3
2016-03-27 10:22:42,101134,0.9981,15.91,25.5,27.3
2016-03-27 10:22:43,101137,0.9981,15.66,25.5,27.3
2016-03-27 10:22:44,101131,0.9981,16.16,25.5,27.3
2016-03-27 10:22:45,101134,0.9981,15.91,25.5,27.3
2016-03-27 10:22:46,101142,0.9982,15.25,25.5,27.3
2016-03-27 10:22:47,101148,0.9983,14.74,25.5,27.3
2016-03-27 10:22:48,101145,0.9982,15.00,25.5,27.3
2016-03-27 10:22:49,101125,0.9980,16.66,25.5,27.3
2016-03-27 10:22:50,101139,0.9982,15.50,25.5,27.3
2016-03-27 10:22:51,101137,0.9981,15.66,25.5,27.3
2016-03-27 10:22:52,101139,0.9982,15.50,25.5,27.3
2016-03-27 10:22:53,101148,0.9983,14.74,25.5,27.3
2016-03-27 10:22:55,101142,0.9982,15.25,25.5,27.3
2016-03-27 10:22:56,101139,0.9982,15.50,25.5,27.3
2016-03-27 10:22:57,101142,0.9982,15.25,25.5,27.3
2016-03-27 10:22:58,101145,0.9982,15.00,25.5,27.3
2016-03-27 10:22:59,101137,0.9981,15.66,25.5,27.3
2016-03-27 10:23:00,101131,0.9981,16.16,25.5,27.3
2016-03-27 10:23:01,101142,0.9982,15.25,25.5,27.3
2016-03-27 10:23:02,101148,0.9983,14.74,25.5,27.3
2016-03-27 10:23:03,101145,0.9982,15.00,25.5,27.3
2016-03-27 10:23:04,101139,0.9982,15.50,25.5,27.3
2016-03-27 10:23:05,101145,0.9982,15.00,25.5,27.3
2016-03-27 10:23:06,101142,0.9982,15.25,25.5,27.3
2016-03-27 10:23:07,101148,0.9983,14.74,25.5,27.3
2016-03-27 10:23:08,101145,0.9982,15.00,25.5,27.3
2016-03-27 10:23:09,101139,0.9982,15.50,25.5,27.3
2016-03-27 10:23:10,101142,0.9982,15.25,25.5,27.3
2016-03-27 10:23:11,101142,0.9982,15.25,25.5,27.3
2016-03-27 10:23:12,101139,0.9982,15.50,25.5,27.3
2016-03-27 10:23:13,101142,0.9982,15.25,25.5,27.3
2016-03-27 10:23:14,101137,0.9981,15.66,25.5,27.3
2016-03-27 10:23:15,101145,0.9982,15.00,25.5,27.3
2016-03-27 10:23:16,101139,0.9982,15.50,25.5,27.3
2016-03-27 10:23:17,101137,0.9981,15.66,25.5,27.3
2016-03-27 10:23:18,101137,0.9981,15.66,25.5,27.3
2016-03-27 10:23:20,101134,0.9981,15.91,25.5,27.3
2016-03-27 10:23:21,101128,0.9981,16.41,25.5,27.3
2016-03-27 10:23:22,101137,0.9981,15.66,25.5,27.3
2016-03-27 10:23:23,101137,0.9981,15.66,25.5,27.3
2016-03-27 10:23:24,101137,0.9981,15.66,25.5,27.3
2016-03-27 10:23:25,101134,0.9981,15.91,25.5,27.3
2016-03-27 10:23:26,101125,0.9980,16.66,25.5,27.3
2016-03-27 10:23:27,101142,0.9982,15.25,25.5,27.3
2016-03-27 10:23:28,101137,0.9981,15.66,25.5,27.3
2016-03-27 10:23:29,101137,0.9981,15.66,25.5,27.3
2016-03-27 10:23:30,101137,0.9981,15.66,25.5,27.3
2016-03-27 10:23:31,101142,0.9982,15.25,25.5,27.3
2016-03-27 10:23:32,101154,0.9983,14.24,25.5,27.3
2016-03-27 10:23:33,101139,0.9982,15.50,25.5,27.3
2016-03-27 10:23:34,101134,0.9981,15.91,25.5,27.3
2016-03-27 10:23:35,101137,0.9981,15.66,25.5,27.3
2016-03-27 10:23:36,101142,0.9982,15.25,25.5,27.3
2016-03-27 10:23:37,101134,0.9981,15.91,25.5,27.3
2016-03-27 10:23:38,101137,0.9981,15.66,25.5,27.3
2016-03-27 10:23:39,101137,0.9981,15.66,25.5,27.3
2016-03-27 10:23:40,101128,0.9981,16.41,25.5,27.3
2016-03-27 10:23:41,101137,0.9981,15.66,25.5,27.3
2016-03-27 10:23:42,101131,0.9981,16.16,25.5,27.3
2016-03-27 10:23:43,101145,0.9982,15.00,25.5,27.3
2016-03-27 10:23:45,101139,0.9982,15.50,25.5,27.3
2016-03-27 10:23:46,101137,0.9981,15.66,25.5,27.3
2016-03-27 10:23:47,101137,0.9981,15.66,25.5,27.3
2016-03-27 10:23:48,101139,0.9982,15.50,25.5,27.3
2016-03-27 10:23:49,101137,0.9981,15.66,25.5,27.3
2016-03-27 10:23:50,101154,0.9983,14.24,25.5,27.3
2016-03-27 10:23:51,101137,0.9981,15.66,25.5,27.3
2016-03-27 10:23:52,101137,0.9981,15.66,25.5,27.3
2016-03-27 10:23:53,101145,0.9982,15.00,25.5,27.3
2016-03-27 10:23:54,101142,0.9982,15.25,25.5,27.3
2016-03-27 10:23:55,101142,0.9982,15.25,25.5,27.3
2016-03-27 10:23:56,101131,0.9981,16.16,25.5,27.3
2016-03-27 10:23:57,101128,0.9981,16.41,25.5,27.3
2016-03-27 10:23:58,101142,0.9982,15.25,25.5,27.3
2016-03-27 10:23:59,101142,0.9982,15.25,25.5,27.3
2016-03-27 10:24:00,101137,0.9981,15.66,25.5,27.3
2016-03-27 10:24:01,101139,0.9982,15.50,25.5,27.3
2016-03-27 10:24:02,101139,0.9982,15.50,25.5,27.3
2016-03-27 10:24:03,101148,0.9983,14.74,25.5,27.3
2016-03-27 10:24:04,101125,0.9980,16.66,25.5,27.3
2016-03-27 10:24:05,101137,0.9981,15.66,25.5,27.3
2016-03-27 10:24:06,101128,0.9981,16.41,25.5,27.3
2016-03-27 10:24:07,101137,0.9981,15.66,25.5,27.3
2016-03-27 10:24:08,101137,0.9981,15.66,25.5,27.3
2016-03-27 10:24:10,101142,0.9982,15.25,25.5,27.3
2016-03-27 10:24:11,101137,0.9981,15.66,25.5,27.3
2016-03-27 10:24:12,101131,0.9981,16.16,25.5,27.3
2016-03-27 10:24:13,101142,0.9982,15.25,25.5,27.3
2016-03-27 10:24:14,101134,0.9981,15.91,25.5,27.3
2016-03-27 10:24:15,101145,0.9982,15.00,25.5,27.3
2016-03-27 10:24:16,101139,0.9982,15.50,25.5,27.3
2016-03-27 10:24:17,101142,0.9982,15.25,25.5,27.3
2016-03-27 10:24:18,101128,0.9981,16.41,25.5,27.3
2016-03-27 10:24:19,101128,0.9981,16.41,25.5,27.3
2016-03-27 10:24:20,101142,0.9982,15.25,25.5,27.3
2016-03-27 10:24:21,101139,0.9982,15.50,25.5,27.3
2016-03-27 10:24:22,101134,0.9981,15.91,25.5,27.3
2016-03-27 10:24:23,101131,0.9981,16.16,25.5,27.3
2016-03-27 10:24:24,101134,0.9981,15.91,25.5,27.3
2016-03-27 10:24:25,101142,0.9982,15.25,25.5,27.3
2016-03-27 10:24:26,101154,0.9983,14.24,25.5,27.3
2016-03-27 10:24:27,101136,0.9981,15.75,25.5,27.3
2016-03-27 10:24:28,101142,0.9982,15.25,25.5,27.3
2016-03-27 10:24:29,101137,0.9981,15.66,25.5,27.3
2016-03-27 10:24:30,101151,0.9983,14.50,25.5,27.3
2016-03-27 10:24:31,101128,0.9981,16.41,25.5,27.3
2016-03-27 10:24:32,101157,0.9983,14.00,25.5,27.3
2016-03-27 10:24:33,101136,0.9981,15.75,25.5,27.3
2016-03-27 10:24:35,101134,0.9981,15.91,25.5,27.3
2016-03-27 10:24:36,101142,0.9982,15.25,25.5,27.3
2016-03-27 10:24:37,101137,0.9981,15.66,25.5,27.3
2016-03-27 10:24:38,101131,0.9981,16.16,25.5,27.3
2016-03-27 10:24:39,101134,0.9981,15.91,25.5,27.3
2016-03-27 10:24:40,101131,0.9981,16.16,25.5,27.3
2016-03-27 10:24:41,101134,0.9981,15.91,25.5,27.3
2016-03-27 10:24:42,101134,0.9981,15.91,25.5,27.3
2016-03-27 10:24:43,101134,0.9981,15.91,25.5,27.3
2016-03-27 10:24:44,101136,0.9981,15.75,25.5,27.3
2016-03-27 10:24:45,101131,0.9981,16.16,25.5,27.3
2016-03-27 10:24:46,101134,0.9981,15.91,25.5,27.3
2016-03-27 10:24:47,101128,0.9981,16.41,25.5,27.3
2016-03-27 10:24:48,101131,0.9981,16.16,25.5,27.3
2016-03-27 10:24:49,101128,0.9981,16.41,25.5,27.3
2016-03-27 10:24:50,101128,0.9981,16.41,25.5,27.3
2016-03-27 10:24:51,101142,0.9982,15.25,25.5,27.3
2016-03-27 10:24:52,101139,0.9982,15.50,25.5,27.3
2016-03-27 10:24:53,101139,0.9982,15.50,25.5,27.3
2016-03-27 10:24:54,101134,0.9981,15.91,25.5,27.3
2016-03-27 10:24:55,101137,0.9981,15.66,25.5,27.3
2016-03-27 10:24:56,101134,0.9981,15.91,25.5,27.3
2016-03-27 10:24:57,101139,0.9982,15.50,25.5,27.3
2016-03-27 10:24:59,101145,0.9982,15.00,25.5,27.3
2016-03-27 10:25:00,101134,0.9981,15.91,25.5,27.3
2016-03-27 10:25:01,101134,0.9981,15.91,25.5,27.3
2016-03-27 10:25:02,101145,0.9982,15.00,25.5,27.3
2016-03-27 10:25:03,101137,0.9981,15.66,25.5,27.3
2016-03-27 10:25:04,101139,0.9982,15.50,25.5,27.3
2016-03-27 10:25:05,101142,0.9982,15.25,25.5,27.3
2016-03-27 10:25:06,101134,0.9981,15.91,25.5,27.3
2016-03-27 10:25:07,101136,0.9981,15.75,25.5,27.3
2016-03-27 10:25:08,101148,0.9983,14.74,25.5,27.3
2016-03-27 10:25:09,101131,0.9981,16.16,25.5,27.3
2016-03-27 10:25:10,101134,0.9981,15.91,25.5,27.3
2016-03-27 10:25:11,101134,0.9981,15.91,25.5,27.3
2016-03-27 10:25:12,101148,0.9983,14.74,25.5,27.3
2016-03-27 10:25:13,101128,0.9981,16.41,25.5,27.3
2016-03-27 10:25:14,101142,0.9982,15.25,25.5,27.3
2016-03-27 10:25:15,101139,0.9982,15.50,25.5,27.3
2016-03-27 10:25:16,101139,0.9982,15.50,25.5,27.3
2016-03-27 10:25:17,101139,0.9982,15.50,25.5,27.3
2016-03-27 10:25:18,101139,0.9982,15.50,25.5,27.3
2016-03-27 10:25:19,101154,0.9983,14.24,25.5,27.3
2016-03-27 10:25:20,101137,0.9981,15.66,25.5,27.3
2016-03-27 10:25:21,101128,0.9981,16.41,25.5,27.3
2016-03-27 10:25:22,101128,0.9981,16.41,25.5,27.3
2016-03-27 10:25:24,101142,0.9982,15.25,25.5,27.3
2016-03-27 10:25:25,101134,0.9981,15.91,25.5,27.3
2016-03-27 10:25:26,101128,0.9981,16.41,25.5,27.3
2016-03-27 10:25:27,101142,0.9982,15.25,25.5,27.3
2016-03-27 10:25:28,101134,0.9981,15.91,25.5,27.3
2016-03-27 10:25:29,101139,0.9982,15.50,25.5,27.3
2016-03-27 10:25:30,101136,0.9981,15.75,25.5,27.3
2016-03-27 10:25:31,101134,0.9981,15.91,25.5,27.3
2016-03-27 10:25:32,101148,0.9983,14.74,25.5,27.3
2016-03-27 10:25:33,101142,0.9982,15.25,25.5,27.3
2016-03-27 10:25:34,101128,0.9981,16.41,25.5,27.3
2016-03-27 10:25:35,101148,0.9983,14.74,25.5,27.3
2016-03-27 10:25:36,101128,0.9981,16.41,25.5,27.3
2016-03-27 10:25:37,101139,0.9982,15.50,25.5,27.3
2016-03-27 10:25:38,101139,0.9982,15.50,25.5,27.3
2016-03-27 10:25:39,101134,0.9981,15.91,25.5,27.3
2016-03-27 10:25:40,101131,0.9981,16.16,25.5,27.3
2016-03-27 10:25:41,101139,0.9982,15.50,25.5,27.3
2016-03-27 10:25:42,101136,0.9981,15.75,25.5,27.3
2016-03-27 10:25:43,101148,0.9983,14.74,25.5,27.3
2016-03-27 10:25:44,101134,0.9981,15.91,25.5,27.3
2016-03-27 10:25:45,101142,0.9982,15.25,25.5,27.3
2016-03-27 10:25:46,101142,0.9982,15.25,25.5,27.3
2016-03-27 10:25:47,101137,0.9981,15.66,25.5,27.3
2016-03-27 10:25:49,101148,0.9983,14.74,25.5,27.3
2016-03-27 10:25:50,101142,0.9982,15.25,25.5,27.3
2016-03-27 10:25:51,101145,0.9982,15.00,25.5,27.3
2016-03-27 10:25:52,101142,0.9982,15.25,25.5,27.3
2016-03-27 10:25:53,101136,0.9981,15.75,25.5,27.3
2016-03-27 10:25:54,101137,0.9981,15.66,25.5,27.3
2016-03-27 10:25:55,101142,0.9982,15.25,25.5,27.3
2016-03-27 10:25:56,101142,0.9982,15.25,25.5,27.3
2016-03-27 10:25:57,101142,0.9982,15.25,25.5,27.3
2016-03-27 10:25:58,101139,0.9982,15.50,25.5,27.3
2016-03-27 10:25:59,101139,0.9982,15.50,25.5,27.3
2016-03-27 10:26:00,101148,0.9983,14.74,25.5,27.3
2016-03-27 10:26:01,101137,0.9981,15.66,25.5,27.3
2016-03-27 10:26:02,101136,0.9981,15.75,25.5,27.3
2016-03-27 10:26:03,101142,0.9982,15.25,25.5,27.3
2016-03-27 10:26:04,101142,0.9982,15.25,25.5,27.3
2016-03-27 10:26:05,101142,0.9982,15.25,25.5,27.3
2016-03-27 10:26:06,101131,0.9981,16.16,25.5,27.3
2016-03-27 10:26:07,101134,0.9981,15.91,25.5,27.3
2016-03-27 10:26:08,101139,0.9982,15.50,25.5,27.3
2016-03-27 10:26:09,101134,0.9981,15.91,25.5,27.3
2016-03-27 10:26:10,101137,0.9981,15.66,25.5,27.3
2016-03-27 10:26:11,101142,0.9982,15.25,25.5,27.3
2016-03-27 10:26:12,101131,0.9981,16.16,25.5,27.3
2016-03-27 10:26:14,101137,0.9981,15.66,25.5,27.3
2016-03-27 10:26:15,101131,0.9981,16.16,25.5,27.3
2016-03-27 10:26:16,101142,0.9982,15.25,25.5,27.3
2016-03-27 10:26:17,101148,0.9983,14.74,25.5,27.3
2016-03-27 10:26:18,101145,0.9982,15.00,25.5,27.3
2016-03-27 10:26:19,101142,0.9982,15.25,25.5,27.3
2016-03-27 10:26:20,101139,0.9982,15.50,25.5,27.3
2016-03-27 10:26:21,101137,0.9981,15.66,25.5,27.3
2016-03-27 10:26:22,101137,0.9981,15.66,25.5,27.3
2016-03-27 10:26:23,101145,0.9982,15.00,25.5,27.3
2016-03-27 10:26:24,101142,0.9982,15.25,25.5,27.3
2016-03-27 10:26:25,101139,0.9982,15.50,25.5,27.3
2016-03-27 10:26:26,101145,0.9982,15.00,25.5,27.3
2016-03-27 10:26:27,101151,0.9983,14.50,25.5,27.3
2016-03-27 10:26:28,101142,0.9982,15.25,25.5,27.3
2016-03-27 10:26:29,101145,0.9982,15.00,25.5,27.3
2016-03-27 10:26:30,101131,0.9981,16.16,25.5,27.3
2016-03-27 10:26:31,101131,0.9981,16.16,25.5,27.3
2016-03-27 10:26:32,101134,0.9981,15.91,25.5,27.3
2016-03-27 10:26:33,101137,0.9981,15.66,25.5,27.3
2016-03-27 10:26:34,101142,0.9982,15.25,25.5,27.3
2016-03-27 10:26:35,101142,0.9982,15.25,25.5,27.3
2016-03-27 10:26:36,101154,0.9983,14.24,25.5,27.3
2016-03-27 10:26:37,101131,0.9981,16.16,25.5,27.3
2016-03-27 10:26:39,101131,0.9981,16.16,25.5,27.3
2016-03-27 10:26:40,101142,0.9982,15.25,25.5,27.3
2016-03-27 10:26:41,101139,0.9982,15.50,25.5,27.3
2016-03-27 10:26:42,101148,0.9983,14.74,25.5,27.3
2016-03-27 10:26:43,101137,0.9981,15.66,25.5,27.3
2016-03-27 10:26:44,101139,0.9982,15.50,25.5,27.3
2016-03-27 10:26:45,101151,0.9983,14.50,25.5,27.3
2016-03-27 10:26:46,101142,0.9982,15.25,25.5,27.3
2016-03-27 10:26:47,101137,0.9981,15.66,25.5,27.3
2016-03-27 10:26:48,101148,0.9983,14.74,25.5,27.3
2016-03-27 10:26:49,101148,0.9983,14.74,25.5,27.3
2016-03-27 10:26:50,101145,0.9982,15.00,25.5,27.3
2016-03-27 10:26:51,101137,0.9981,15.66,25.5,27.3
2016-03-27 10:26:52,101128,0.9981,16.41,25.5,27.3
2016-03-27 10:26:53,101134,0.9981,15.91,25.5,27.3
2016-03-27 10:26:54,101139,0.9982,15.50,25.5,27.3
2016-03-27 10:26:55,101148,0.9983,14.74,25.5,27.3
2016-03-27 10:26:56,101142,0.9982,15.25,25.5,27.3
2016-03-27 10:26:57,101148,0.9983,14.74,25.5,27.3
2016-03-27 10:26:58,101139,0.9982,15.50,25.5,27.3
2016-03-27 10:26:59,101131,0.9981,16.16,25.5,27.3
2016-03-27 10:27:00,101154,0.9983,14.24,25.5,27.3
2016-03-27 10:27:01,101142,0.9982,15.25,25.5,27.3
2016-03-27 10:27:02,101145,0.9982,15.00,25.5,27.3
2016-03-27 10:27:04,101142,0.9982,15.25,25.5,27.3
2016-03-27 10:27:05,101142,0.9982,15.25,25.5,27.3
2016-03-27 10:27:06,101151,0.9983,14.50,25.5,27.3
2016-03-27 10:27:07,101137,0.9981,15.66,25.5,27.3
2016-03-27 10:27:08,101154,0.9983,14.24,25.5,27.3
2016-03-27 10:27:09,101142,0.9982,15.25,25.5,27.3
2016-03-27 10:27:10,101137,0.9981,15.66,25.5,27.3
2016-03-27 10:27:11,101136,0.9981,15.75,25.5,27.3
2016-03-27 10:27:12,101148,0.9983,14.74,25.5,27.3
2016-03-27 10:27:13,101142,0.9982,15.25,25.5,27.3
2016-03-27 10:27:14,101145,0.9982,15.00,25.5,27.3
2016-03-27 10:27:15,101136,0.9981,15.75,25.5,27.3
2016-03-27 10:27:16,101151,0.9983,14.50,25.5,27.3
2016-03-27 10:27:17,101148,0.9983,14.74,25.5,27.3
2016-03-27 10:27:18,101137,0.9981,15.66,25.5,27.3
2016-03-27 10:27:19,101137,0.9981,15.66,25.5,27.3
2016-03-27 10:27:20,101139,0.9982,15.50,25.5,27.3
2016-03-27 10:27:21,101148,0.9983,14.74,25.5,27.3
2016-03-27 10:27:22,101137,0.9981,15.66,25.5,27.3
2016-03-27 10:27:23,101137,0.9981,15.66,25.5,27.3
2016-03-27 10:27:24,101151,0.9983,14.50,25.5,27.3
2016-03-27 10:27:25,101131,0.9981,16.16,25.5,27.3
2016-03-27 10:27:26,101139,0.9982,15.50,25.5,27.3
2016-03-27 10:27:27,101139,0.9982,15.50,25.5,27.3
2016-03-27 10:27:29,101128,0.9981,16.41,25.5,27.3
2016-03-27 10:27:30,101142,0.9982,15.25,25.5,27.3
2016-03-27 10:27:31,101148,0.9983,14.74,25.5,27.3
2016-03-27 10:27:32,101142,0.9982,15.25,25.5,27.3
2016-03-27 10:27:33,101131,0.9981,16.16,25.5,27.3
2016-03-27 10:27:34,101137,0.9981,15.66,25.5,27.3
2016-03-27 10:27:35,101136,0.9981,15.75,25.5,27.3
2016-03-27 10:27:36,101142,0.9982,15.25,25.5,27.3
2016-03-27 10:27:37,101134,0.9981,15.91,25.5,27.3
2016-03-27 10:27:38,101145,0.9982,15.00,25.5,27.3
2016-03-27 10:27:39,101148,0.9983,14.74,25.5,27.3
2016-03-27 10:27:40,101137,0.9981,15.66,25.5,27.3
2016-03-27 10:27:41,101145,0.9982,15.00,25.5,27.3
2016-03-27 10:27:42,101151,0.9983,14.50,25.5,27.3
2016-03-27 10:27:43,101131,0.9981,16.16,25.5,27.3
2016-03-27 10:27:44,101148,0.9983,14.74,25.5,27.3
2016-03-27 10:27:45,101142,0.9982,15.25,25.5,27.3
2016-03-27 10:27:46,101139,0.9982,15.50,25.5,27.3
2016-03-27 10:27:47,101131,0.9981,16.16,25.5,27.3
2016-03-27 10:27:48,101136,0.9981,15.75,25.5,27.3
2016-03-27 10:27:49,101136,0.9981,15.75,25.5,27.3
2016-03-27 10:27:50,101142,0.9982,15.25,25.5,27.3
2016-03-27 10:27:51,101134,0.9981,15.91,25.5,27.3
2016-03-27 10:27:53,101139,0.9982,15.50,25.5,27.3
2016-03-27 10:27:54,101148,0.9983,14.74,25.5,27.3
2016-03-27 10:27:55,101131,0.9981,16.16,25.5,27.3
2016-03-27 10:27:56,101145,0.9982,15.00,25.5,27.3
2016-03-27 10:27:57,101145,0.9982,15.00,25.5,27.3
2016-03-27 10:27:58,101131,0.9981,16.16,25.5,27.3
2016-03-27 10:27:59,101151,0.9983,14.50,25.5,27.3
2016-03-27 10:28:00,101145,0.9982,15.00,25.5,27.3
2016-03-27 10:28:01,101134,0.9981,15.91,25.5,27.3
2016-03-27 10:28:02,101145,0.9982,15.00,25.5,27.3
2016-03-27 10:28:03,101134,0.9981,15.91,25.5,27.3
2016-03-27 10:28:04,101139,0.9982,15.50,25.5,27.3
2016-03-27 10:28:05,101142,0.9982,15.25,25.5,27.3
2016-03-27 10:28:06,101145,0.9982,15.00,25.5,27.3
2016-03-27 10:28:07,101139,0.9982,15.50,25.5,27.3
2016-03-27 10:28:08,101148,0.9983,14.74,25.5,27.3
2016-03-27 10:28:09,101145,0.9982,15.00,25.5,27.3
2016-03-27 10:28:10,101145,0.9982,15.00,25.5,27.3
2016-03-27 10:28:11,101145,0.9982,15.00,25.5,27.3
2016-03-27 10:28:12,101139,0.9982,15.50,25.5,27.3
2016-03-27 10:28:13,101136,0.9981,15.75,25.5,27.3
2016-03-27 10:28:14,101145,0.9982,15.00,25.5,27.3
2016-03-27 10:28:15,101139,0.9982,15.50,25.5,27.3
2016-03-27 10:28:16,101136,0.9981,15.75,25.5,27.3
2016-03-27 10:28:18,101142,0.9982,15.25,25.5,27.3
2016-03-27 10:28:19,101145,0.9982,15.00,25.5,27.3
2016-03-27 10:28:20,101139,0.9982,15.50,25.5,27.3
2016-03-27 10:28:21,101139,0.9982,15.50,25.5,27.3
2016-03-27 10:28:22,101139,0.9982,15.50,25.5,27.3
2016-03-27 10:28:23,101145,0.9982,15.00,25.5,27.3
2016-03-27 10:28:24,101142,0.9982,15.25,25.5,27.3
2016-03-27 10:28:25,101139,0.9982,15.50,25.5,27.3
2016-03-27 10:28:26,101136,0.9981,15.75,25.5,27.3
2016-03-27 10:28:27,101145,0.9982,15.00,25.5,27.3
2016-03-27 10:28:28,101131,0.9981,16.16,25.5,27.3
2016-03-27 10:28:29,101151,0.9983,14.50,25.5,27.3
2016-03-27 10:28:30,101136,0.9981,15.75,25.5,27.3
2016-03-27 10:28:31,101145,0.9982,15.00,25.5,27.3
2016-03-27 10:28:32,101139,0.9982,15.50,25.5,27.3
2016-03-27 10:28:33,101148,0.9983,14.74,25.5,27.3
2016-03-27 10:28:34,101139,0.9982,15.50,25.5,27.3
2016-03-27 10:28:35,101145,0.9982,15.00,25.5,27.3
2016-03-27 10:28:36,101142,0.9982,15.25,25.5,27.3
2016-03-27 10:28:37,101139,0.9982,15.50,25.5,27.3
2016-03-27 10:28:38,101142,0.9982,15.25,25.5,27.3
2016-03-27 10:28:39,101136,0.9981,15.75,25.5,27.3
2016-03-27 10:28:40,101142,0.9982,15.25,25.5,27.3
2016-03-27 10:28:41,101142,0.9982,15.25,25.5,27.3
2016-03-27 10:28:43,101139,0.9982,15.50,25.5,27.3
2016-03-27 10:28:44,101145,0.9982,15.00,25.5,27.3
2016-03-27 10:28:45,101145,0.9982,15.00,25.5,27.3
2016-03-27 10:28:46,101151,0.9983,14.50,25.5,27.3
2016-03-27 10:28:47,101139,0.9982,15.50,25.5,27.3
2016-03-27 10:28:48,101142,0.9982,15.25,25.5,27.3
2016-03-27 10:28:49,101148,0.9983,14.74,25.5,27.3
2016-03-27 10:28:50,101136,0.9981,15.75,25.5,27.3
2016-03-27 10:28:51,101134,0.9981,15.91,25.5,27.3
2016-03-27 10:28:52,101136,0.9981,15.75,25.5,27.3
2016-03-27 10:28:53,101139,0.9982,15.50,25.5,27.3
2016-03-27 10:28:54,101142,0.9982,15.25,25.5,27.3
2016-03-27 10:28:55,101139,0.9982,15.50,25.5,27.3
2016-03-27 10:28:56,101142,0.9982,15.25,25.5,27.3
2016-03-27 10:28:57,101131,0.9981,16.16,25.5,27.3
2016-03-27 10:28:58,101136,0.9981,15.75,25.5,27.3
2016-03-27 10:28:59,101148,0.9983,14.74,25.5,27.3
2016-03-27 10:29:00,101139,0.9982,15.50,25.5,27.3
2016-03-27 10:29:01,101131,0.9981,16.16,25.5,27.3
2016-03-27 10:29:02,101142,0.9982,15.25,25.5,27.3
2016-03-27 10:29:03,101131,0.9981,16.16,25.5,27.3
2016-03-27 10:29:04,101142,0.9982,15.25,25.5,27.3
2016-03-27 10:29:05,101136,0.9981,15.75,25.5,27.3
2016-03-27 10:29:06,101136,0.9981,15.75,25.5,27.3
2016-03-27 10:29:08,101139,0.9982,15.50,25.5,27.3
2016-03-27 10:29:09,101142,0.9982,15.25,25.5,27.3
2016-03-27 10:29:10,101139,0.9982,15.50,25.5,27.3
2016-03-27 10:29:11,101142,0.9982,15.25,25.5,27.3
2016-03-27 10:29:12,101142,0.9982,15.25,25.5,27.3
2016-03-27 10:29:13,101131,0.9981,16.16,25.5,27.3
2016-03-27 10:29:14,101142,0.9982,15.25,25.5,27.3
2016-03-27 10:29:15,101139,0.9982,15.50,25.5,27.3
2016-03-27 10:29:16,101142,0.9982,15.25,25.5,27.3
2016-03-27 10:29:17,101142,0.9982,15.25,25.5,27.3
2016-03-27 10:29:18,101136,0.9981,15.75,25.5,27.3
2016-03-27 10:29:19,101139,0.9982,15.50,25.5,27.3
2016-03-27 10:29:20,101134,0.9981,15.91,25.5,27.3
2016-03-27 10:29:21,101136,0.9981,15.75,25.5,27.3
2016-03-27 10:29:22,101142,0.9982,15.25,25.5,27.3
2016-03-27 10:29:23,101136,0.9981,15.75,25.5,27.3
2016-03-27 10:29:24,101142,0.9982,15.25,25.5,27.3
2016-03-27 10:29:25,101148,0.9983,14.74,25.5,27.3
2016-03-27 10:29:26,101139,0.9982,15.50,25.5,27.3
2016-03-27 10:29:27,101145,0.9982,15.00,25.5,27.3
2016-03-27 10:29:28,101145,0.9982,15.00,25.5,27.3
2016-03-27 10:29:29,101136,0.9981,15.75,25.5,27.3
2016-03-27 10:29:30,101122,0.9980,16.91,25.5,27.3
2016-03-27 10:29:31,101142,0.9982,15.25,25.5,27.3
2016-03-27 10:29:33,101142,0.9982,15.25,25.5,27.3
2016-03-27 10:29:34,101136,0.9981,15.75,25.5,27.3
2016-03-27 10:29:35,101128,0.9981,16.41,25.5,27.3
2016-03-27 10:29:36,101128,0.9981,16.41,25.5,27.3
2016-03-27 10:29:37,101134,0.9981,15.91,25.5,27.3
2016-03-27 10:29:38,101136,0.9981,15.75,25.5,27.3
2016-03-27 10:29:39,101154,0.9983,14.24,25.5,27.3
2016-03-27 10:29:40,101131,0.9981,16.16,25.5,27.3
2016-03-27 10:29:41,101142,0.9982,15.25,25.5,27.3
2016-03-27 10:29:42,101134,0.9981,15.91,25.5,27.3
2016-03-27 10:29:43,101145,0.9982,15.00,25.5,27.3
2016-03-27 10:29:44,101148,0.9983,14.74,25.5,27.3
2016-03-27 10:29:45,101139,0.9982,15.50,25.5,27.3
2016-03-27 10:29:46,101134,0.9981,15.91,25.5,27.3
2016-03-27 10:29:47,101136,0.9981,15.75,25.5,27.3
2016-03-27 10:29:48,101142,0.9982,15.25,25.5,27.3
2016-03-27 10:29:49,101131,0.9981,16.16,25.5,27.3
2016-03-27 10:29:50,101136,0.9981,15.75,25.5,27.3
2016-03-27 10:29:51,101139,0.9982,15.50,25.5,27.3
2016-03-27 10:29:52,101148,0.9983,14.74,25.5,27.3
2016-03-27 10:29:53,101142,0.9982,15.25,25.5,27.3
2016-03-27 10:29:54,101136,0.9981,15.75,25.5,27.3
2016-03-27 10:29:55,101148,0.9983,14.74,25.5,27.3
2016-03-27 10:29:56,101134,0.9981,15.91,25.5,27.3
2016-03-27 10:29:58,101145,0.9982,15.00,25.5,27.3
2016-03-27 10:29:59,101134,0.9981,15.91,25.5,27.3
2016-03-27 10:30:00,101136,0.9981,15.75,25.5,27.3
2016-03-27 10:30:01,101136,0.9981,15.75,25.5,27.3
2016-03-27 10:30:02,101145,0.9982,15.00,25.5,27.3
2016-03-27 10:30:03,101136,0.9981,15.75,25.5,27.3
2016-03-27 10:30:04,101136,0.9981,15.75,25.5,27.3
2016-03-27 10:30:05,101136,0.9981,15.75,25.5,27.3
2016-03-27 10:30:06,101136,0.9981,15.75,25.5,27.3
2016-03-27 10:30:07,101131,0.9981,16.16,25.5,27.3
2016-03-27 10:30:08,101131,0.9981,16.16,25.5,27.3
2016-03-27 10:30:09,101142,0.9982,15.25,25.5,27.3
2016-03-27 10:30:10,101139,0.9982,15.50,25.5,27.3
2016-03-27 10:30:11,101145,0.9982,15.00,25.5,27.3
2016-03-27 10:30:12,101139,0.9982,15.50,25.5,27.3
2016-03-27 10:30:13,101145,0.9982,15.00,25.5,27.3
2016-03-27 10:30:14,101145,0.9982,15.00,25.5,27.3
2016-03-27 10:30:15,101134,0.9981,15.91,25.5,27.3
2016-03-27 10:30:16,101142,0.9982,15.25,25.5,27.3
2016-03-27 10:30:17,101131,0.9981,16.16,25.5,27.3
2016-03-27 10:30:18,101131,0.9981,16.16,25.5,27.3
2016-03-27 10:30:19,101139,0.9982,15.50,25.5,27.3
2016-03-27 10:30:20,101134,0.9981,15.91,25.5,27.3
2016-03-27 10:30:21,101151,0.9983,14.50,25.5,27.3
2016-03-27 10:30:23,101142,0.9982,15.25,25.5,27.3
2016-03-27 10:30:24,101145,0.9982,15.00,25.5,27.3
2016-03-27 10:30:25,101142,0.9982,15.25,25.5,27.3
2016-03-27 10:30:26,101131,0.9981,16.16,25.5,27.3
2016-03-27 10:30:27,101136,0.9981,15.75,25.5,27.3
2016-03-27 10:30:28,101142,0.9982,15.25,25.5,27.3
2016-03-27 10:30:29,101145,0.9982,15.00,25.5,27.3
2016-03-27 10:30:30,101131,0.9981,16.16,25.5,27.3
2016-03-27 10:30:31,101145,0.9982,15.00,25.5,27.3
2016-03-27 10:30:32,101134,0.9981,15.91,25.5,27.3
2016-03-27 10:30:33,101157,0.9983,14.00,25.5,27.3
2016-03-27 10:30:34,101142,0.9982,15.25,25.5,27.3
2016-03-27 10:30:35,101136,0.9981,15.75,25.5,27.3
2016-03-27 10:30:36,101142,0.9982,15.25,25.5,27.3
2016-03-27 10:30:37,101134,0.9981,15.91,25.5,27.3
2016-03-27 10:30:38,101134,0.9981,15.91,25.5,27.3
2016-03-27 10:30:39,101134,0.9981,15.91,25.5,27.3
2016-03-27 10:30:40,101142,0.9982,15.25,25.5,27.3
2016-03-27 10:30:41,101142,0.9982,15.25,25.5,27.3
2016-03-27 10:30:42,101145,0.9982,15.00,25.5,27.3
2016-03-27 10:30:43,101142,0.9982,15.25,25.5,27.3
2016-03-27 10:30:44,101131,0.9981,16.16,25.5,27.3
2016-03-27 10:30:45,101139,0.9982,15.50,25.5,27.3
2016-03-27 10:30:47,101139,0.9982,15.50,25.5,27.3
2016-03-27 10:30:48,101131,0.9981,16.16,25.5,27.3
2016-03-27 10:30:49,101145,0.9982,15.00,25.5,27.3
2016-03-27 10:30:50,101148,0.9983,14.74,25.5,27.3
2016-03-27 10:30:51,101151,0.9983,14.50,25.5,27.3
2016-03-27 10:30:52,101139,0.9982,15.50,25.5,27.3
2016-03-27 10:30:53,101139,0.9982,15.50,25.5,27.3
2016-03-27 10:30:54,101145,0.9982,15.00,25.5,27.3
2016-03-27 10:30:55,101148,0.9983,14.74,25.5,27.3
2016-03-27 10:30:56,101148,0.9983,14.74,25.5,27.3
2016-03-27 10:30:57,101139,0.9982,15.50,25.5,27.3
2016-03-27 10:30:58,101139,0.9982,15.50,25.5,27.3
2016-03-27 10:30:59,101134,0.9981,15.91,25.5,27.3
2016-03-27 10:31:00,101134,0.9981,15.91,25.5,27.3
2016-03-27 10:31:01,101148,0.9983,14.74,25.5,27.3
2016-03-27 10:31:02,101134,0.9981,15.91,25.5,27.3
2016-03-27 10:31:03,101145,0.9982,15.00,25.5,27.3
2016-03-27 10:31:04,101136,0.9981,15.75,25.5,27.3
2016-03-27 10:31:05,101142,0.9982,15.25,25.5,27.3
2016-03-27 10:31:06,101145,0.9982,15.00,25.5,27.3
2016-03-27 10:31:07,101154,0.9983,14.24,25.5,27.3
2016-03-27 10:31:08,101139,0.9982,15.50,25.5,27.3
2016-03-27 10:31:09,101142,0.9982,15.25,25.5,27.3
2016-03-27 10:31:10,101142,0.9982,15.25,25.5,27.3
2016-03-27 10:31:12,101139,0.9982,15.50,25.5,27.3
2016-03-27 10:31:13,101128,0.9981,16.41,25.5,27.3
2016-03-27 10:31:14,101148,0.9983,14.74,25.5,27.3
2016-03-27 10:31:15,101145,0.9982,15.00,25.5,27.3
2016-03-27 10:31:16,101145,0.9982,15.00,25.5,27.3
2016-03-27 10:31:17,101148,0.9983,14.74,25.5,27.3
2016-03-27 10:31:18,101134,0.9981,15.91,25.5,27.3
2016-03-27 10:31:19,101148,0.9983,14.74,25.5,27.3
2016-03-27 10:31:20,101142,0.9982,15.25,25.5,27.3
2016-03-27 10:31:21,101148,0.9983,14.74,25.5,27.3
2016-03-27 10:31:22,101151,0.9983,14.50,25.5,27.3
2016-03-27 10:31:23,101142,0.9982,15.25,25.5,27.3
2016-03-27 10:31:24,101154,0.9983,14.24,25.5,27.3
2016-03-27 10:31:25,101151,0.9983,14.50,25.5,27.3
2016-03-27 10:31:26,101142,0.9982,15.25,25.5,27.3
2016-03-27 10:31:27,101148,0.9983,14.74,25.5,27.3
2016-03-27 10:31:28,101145,0.9982,15.00,25.5,27.3
2016-03-27 10:31:29,101148,0.9983,14.74,25.5,27.3
2016-03-27 10:31:30,101145,0.9982,15.00,25.5,27.3
2016-03-27 10:31:31,101142,0.9982,15.25,25.5,27.3
2016-03-27 10:31:32,101145,0.9982,15.00,25.5,27.3
2016-03-27 10:31:33,101148,0.9983,14.74,25.5,27.3
2016-03-27 10:31:34,101134,0.9981,15.91,25.5,27.3
2016-03-27 10:31:35,101145,0.9982,15.00,25.6,27.3
2016-03-27 10:31:37,101140,0.9982,15.41,25.6,27.3
2016-03-27 10:31:38,101140,0.9982,15.41,25.6,27.3
2016-03-27 10:31:39,101148,0.9983,14.74,25.6,27.3
2016-03-27 10:31:40,101137,0.9981,15.66,25.6,27.3
2016-03-27 10:31:41,101137,0.9981,15.66,25.6,27.3
2016-03-27 10:31:42,101148,0.9983,14.74,25.6,27.3
2016-03-27 10:31:43,101137,0.9981,15.66,25.6,27.3
2016-03-27 10:31:44,101142,0.9982,15.25,25.6,27.3
2016-03-27 10:31:45,101145,0.9982,15.00,25.6,27.3
2016-03-27 10:31:46,101142,0.9982,15.25,25.6,27.3
2016-03-27 10:31:47,101140,0.9982,15.41,25.5,27.3
2016-03-27 10:31:48,101142,0.9982,15.25,25.6,27.3
2016-03-27 10:31:49,101131,0.9981,16.16,25.6,27.3
2016-03-27 10:31:50,101145,0.9982,15.00,25.6,27.3
2016-03-27 10:31:51,101142,0.9982,15.25,25.6,27.3
2016-03-27 10:31:52,101140,0.9982,15.41,25.6,27.3
2016-03-27 10:31:53,101128,0.9981,16.41,25.6,27.3
2016-03-27 10:31:54,101142,0.9982,15.25,25.6,27.3
2016-03-27 10:31:55,101140,0.9982,15.41,25.6,27.3
2016-03-27 10:31:56,101134,0.9981,15.91,25.6,27.3
2016-03-27 10:31:57,101137,0.9981,15.66,25.6,27.3
2016-03-27 10:31:58,101137,0.9981,15.66,25.5,27.3
2016-03-27 10:31:59,101134,0.9981,15.91,25.5,27.3
2016-03-27 10:32:00,101142,0.9982,15.25,25.6,27.3
2016-03-27 10:32:02,101140,0.9982,15.41,25.5,27.3
2016-03-27 10:32:03,101145,0.9982,15.00,25.6,27.3
2016-03-27 10:32:04,101134,0.9981,15.91,25.5,27.3
2016-03-27 10:32:05,101137,0.9981,15.66,25.6,27.3
2016-03-27 10:32:06,101148,0.9983,14.74,25.6,27.3
2016-03-27 10:32:07,101140,0.9982,15.41,25.5,27.3
2016-03-27 10:32:08,101145,0.9982,15.00,25.5,27.3
2016-03-27 10:32:09,101142,0.9982,15.25,25.5,27.3
2016-03-27 10:32:10,101140,0.9982,15.41,25.5,27.3
2016-03-27 10:32:11,101140,0.9982,15.41,25.5,27.3
2016-03-27 10:32:12,101151,0.9983,14.50,25.5,27.3
2016-03-27 10:32:13,101145,0.9982,15.00,25.5,27.3
2016-03-27 10:32:14,101151,0.9983,14.50,25.5,27.3
2016-03-27 10:32:15,101140,0.9982,15.41,25.5,27.3
2016-03-27 10:32:16,101145,0.9982,15.00,25.5,27.3
2016-03-27 10:32:17,101140,0.9982,15.41,25.5,27.3
2016-03-27 10:32:18,101137,0.9981,15.66,25.6,27.3
2016-03-27 10:32:19,101151,0.9983,14.50,25.6,27.3
2016-03-27 10:32:20,101134,0.9981,15.91,25.5,27.3
2016-03-27 10:32:21,101140,0.9982,15.41,25.5,27.3
2016-03-27 10:32:22,101148,0.9983,14.74,25.5,27.3
2016-03-27 10:32:23,101145,0.9982,15.00,25.5,27.3
2016-03-27 10:32:24,101137,0.9981,15.66,25.5,27.3
2016-03-27 10:32:25,101140,0.9982,15.41,25.5,27.3
2016-03-27 10:32:27,101140,0.9982,15.41,25.5,27.3
2016-03-27 10:32:28,101151,0.9983,14.50,25.5,27.3
2016-03-27 10:32:29,101134,0.9981,15.91,25.5,27.3
2016-03-27 10:32:30,101145,0.9982,15.00,25.5,27.3
2016-03-27 10:32:31,101145,0.9982,15.00,25.5,27.3
2016-03-27 10:32:32,101137,0.9981,15.66,25.5,27.3
2016-03-27 10:32:33,101131,0.9981,16.16,25.5,27.3
2016-03-27 10:32:34,101140,0.9982,15.41,25.5,27.3
2016-03-27 10:32:35,101151,0.9983,14.50,25.5,27.3
2016-03-27 10:32:36,101142,0.9982,15.25,25.5,27.3
2016-03-27 10:32:37,101140,0.9982,15.41,25.5,27.3
2016-03-27 10:32:38,101140,0.9982,15.41,25.5,27.3
2016-03-27 10:32:39,101137,0.9981,15.66,25.5,27.3
2016-03-27 10:32:40,101134,0.9981,15.91,25.5,27.3
2016-03-27 10:32:41,101137,0.9981,15.66,25.5,27.3
2016-03-27 10:32:42,101137,0.9981,15.66,25.5,27.3
2016-03-27 10:32:43,101131,0.9981,16.16,25.5,27.3
2016-03-27 10:32:44,101142,0.9982,15.25,25.5,27.3
2016-03-27 10:32:45,101137,0.9981,15.66,25.5,27.3
2016-03-27 10:32:46,101134,0.9981,15.91,25.5,27.3
2016-03-27 10:32:47,101137,0.9981,15.66,25.5,27.3
2016-03-27 10:32:48,101139,0.9982,15.50,25.5,27.3
2016-03-27 10:32:49,101134,0.9981,15.91,25.5,27.3
2016-03-27 10:32:50,101140,0.9982,15.41,25.5,27.3
2016-03-27 10:32:52,101142,0.9982,15.25,25.5,27.3
2016-03-27 10:32:53,101142,0.9982,15.25,25.5,27.3
2016-03-27 10:32:54,101139,0.9982,15.50,25.5,27.3
2016-03-27 10:32:55,101145,0.9982,15.00,25.5,27.3
2016-03-27 10:32:56,101137,0.9981,15.66,25.5,27.3
2016-03-27 10:32:57,101134,0.9981,15.91,25.5,27.3
2016-03-27 10:32:58,101128,0.9981,16.41,25.5,27.3
2016-03-27 10:32:59,101139,0.9982,15.50,25.5,27.3
2016-03-27 10:33:00,101137,0.9981,15.66,25.5,27.3
2016-03-27 10:33:01,101137,0.9981,15.66,25.5,27.3
2016-03-27 10:33:02,101142,0.9982,15.25,25.5,27.3
2016-03-27 10:33:03,101142,0.9982,15.25,25.5,27.3
2016-03-27 10:33:04,101145,0.9982,15.00,25.5,27.3
2016-03-27 10:33:05,101137,0.9981,15.66,25.5,27.3
2016-03-27 10:33:06,101139,0.9982,15.50,25.5,27.3
2016-03-27 10:33:07,101139,0.9982,15.50,25.5,27.3
2016-03-27 10:33:08,101145,0.9982,15.00,25.5,27.3
2016-03-27 10:33:09,101142,0.9982,15.25,25.5,27.3
2016-03-27 10:33:10,101154,0.9983,14.24,25.5,27.3
2016-03-27 10:33:11,101142,0.9982,15.25,25.5,27.3
2016-03-27 10:33:12,101137,0.9981,15.66,25.5,27.3
2016-03-27 10:33:13,101154,0.9983,14.24,25.5,27.3
2016-03-27 10:33:14,101154,0.9983,14.24,25.5,27.3
2016-03-27 10:33:15,101142,0.9982,15.25,25.5,27.3
2016-03-27 10:33:17,101145,0.9982,15.00,25.5,27.3
2016-03-27 10:33:18,101134,0.9981,15.91,25.5,27.3
2016-03-27 10:33:19,101136,0.9981,15.75,25.5,27.3
2016-03-27 10:33:20,101137,0.9981,15.66,25.5,27.3
2016-03-27 10:33:21,101148,0.9983,14.74,25.5,27.3
2016-03-27 10:33:22,101134,0.9981,15.91,25.5,27.3
2016-03-27 10:33:23,101142,0.9982,15.25,25.5,27.3
2016-03-27 10:33:24,101137,0.9981,15.66,25.5,27.3
2016-03-27 10:33:25,101148,0.9983,14.74,25.5,27.3
2016-03-27 10:33:26,101134,0.9981,15.91,25.5,27.3
2016-03-27 10:33:27,101142,0.9982,15.25,25.5,27.3
2016-03-27 10:33:28,101131,0.9981,16.16,25.5,27.3
2016-03-27 10:33:29,101134,0.9981,15.91,25.5,27.3
2016-03-27 10:33:30,101134,0.9981,15.91,25.5,27.3
2016-03-27 10:33:31,101134,0.9981,15.91,25.5,27.3
2016-03-27 10:33:32,101142,0.9982,15.25,25.5,27.3
2016-03-27 10:33:33,101134,0.9981,15.91,25.5,27.3
2016-03-27 10:33:34,101136,0.9981,15.75,25.5,27.3
2016-03-27 10:33:35,101136,0.9981,15.75,25.5,27.3
2016-03-27 10:33:36,101134,0.9981,15.91,25.5,27.3
2016-03-27 10:33:37,101134,0.9981,15.91,25.5,27.3
2016-03-27 10:33:38,101131,0.9981,16.16,25.5,27.3
2016-03-27 10:33:39,101136,0.9981,15.75,25.5,27.3
2016-03-27 10:33:41,101134,0.9981,15.91,25.5,27.3
2016-03-27 10:33:42,101131,0.9981,16.16,25.5,27.3
2016-03-27 10:33:43,101139,0.9982,15.50,25.5,27.3
2016-03-27 10:33:44,101139,0.9982,15.50,25.5,27.3
2016-03-27 10:33:45,101142,0.9982,15.25,25.5,27.3
2016-03-27 10:33:46,101136,0.9981,15.75,25.5,27.3
2016-03-27 10:33:47,101139,0.9982,15.50,25.5,27.3
2016-03-27 10:33:48,101142,0.9982,15.25,25.5,27.3
2016-03-27 10:33:49,101139,0.9982,15.50,25.5,27.3
2016-03-27 10:33:50,101134,0.9981,15.91,25.5,27.3
2016-03-27 10:33:51,101142,0.9982,15.25,25.5,27.3
2016-03-27 10:33:52,101139,0.9982,15.50,25.5,27.3
2016-03-27 10:33:53,101145,0.9982,15.00,25.5,27.3
2016-03-27 10:33:54,101136,0.9981,15.75,25.5,27.3
2016-03-27 10:33:55,101139,0.9982,15.50,25.5,27.3
2016-03-27 10:33:56,101131,0.9981,16.16,25.5,27.3
2016-03-27 10:33:57,101145,0.9982,15.00,25.5,27.3
2016-03-27 10:33:58,101134,0.9981,15.91,25.5,27.3
2016-03-27 10:33:59,101131,0.9981,16.16,25.5,27.3
2016-03-27 10:34:00,101134,0.9981,15.91,25.5,27.3
2016-03-27 10:34:01,101145,0.9982,15.00,25.5,27.3
2016-03-27 10:34:02,101145,0.9982,15.00,25.5,27.3
2016-03-27 10:34:03,101142,0.9982,15.25,25.5,27.3
2016-03-27 10:34:04,101145,0.9982,15.00,25.5,27.3
2016-03-27 10:34:06,101136,0.9981,15.75,25.5,27.3
2016-03-27 10:34:07,101145,0.9982,15.00,25.5,27.3
2016-03-27 10:34:08,101139,0.9982,15.50,25.5,27.3
2016-03-27 10:34:09,101145,0.9982,15.00,25.5,27.3
2016-03-27 10:34:10,101134,0.9981,15.91,25.5,27.3
2016-03-27 10:34:11,101134,0.9981,15.91,25.5,27.3
2016-03-27 10:34:12,101134,0.9981,15.91,25.5,27.3
2016-03-27 10:34:13,101139,0.9982,15.50,25.5,27.3
2016-03-27 10:34:14,101139,0.9982,15.50,25.5,27.3
2016-03-27 10:34:15,101142,0.9982,15.25,25.5,27.3
2016-03-27 10:34:16,101125,0.9980,16.66,25.5,27.3
2016-03-27 10:34:17,101134,0.9981,15.91,25.5,27.3
2016-03-27 10:34:18,101139,0.9982,15.50,25.5,27.3
2016-03-27 10:34:19,101134,0.9981,15.91,25.5,27.3
2016-03-27 10:34:20,101125,0.9980,16.66,25.5,27.3
2016-03-27 10:34:21,101134,0.9981,15.91,25.5,27.3
2016-03-27 10:34:22,101139,0.9982,15.50,25.5,27.3
2016-03-27 10:34:23,101131,0.9981,16.16,25.5,27.3
2016-03-27 10:34:24,101136,0.9981,15.75,25.5,27.3
2016-03-27 10:34:25,101142,0.9982,15.25,25.5,27.3
2016-03-27 10:34:26,101128,0.9981,16.41,25.5,27.3
2016-03-27 10:34:27,101136,0.9981,15.75,25.5,27.3
2016-03-27 10:34:28,101145,0.9982,15.00,25.5,27.3
2016-03-27 10:34:29,101142,0.9982,15.25,25.5,27.3
2016-03-27 10:34:31,101142,0.9982,15.25,25.5,27.3
2016-03-27 10:34:32,101145,0.9982,15.00,25.5,27.3
2016-03-27 10:34:33,101136,0.9981,15.75,25.5,27.3
2016-03-27 10:34:34,101128,0.9981,16.41,25.5,27.3
2016-03-27 10:34:35,101131,0.9981,16.16,25.5,27.3
2016-03-27 10:34:36,101133,0.9981,16.00,25.5,27.3
2016-03-27 10:34:37,101145,0.9982,15.00,25.5,27.3
2016-03-27 10:34:38,101136,0.9981,15.75,25.4,27.3
2016-03-27 10:34:39,101139,0.9982,15.50,25.4,27.3
2016-03-27 10:34:40,101139,0.9982,15.50,25.4,27.3
2016-03-27 10:34:41,101139,0.9982,15.50,25.4,27.3
2016-03-27 10:34:42,101136,0.9981,15.75,25.4,27.3
2016-03-27 10:34:43,101139,0.9982,15.50,25.4,27.3
2016-03-27 10:34:44,101139,0.9982,15.50,25.5,27.3
2016-03-27 10:34:45,101139,0.9982,15.50,25.4,27.3
2016-03-27 10:34:46,101139,0.9982,15.50,25.5,27.3
2016-03-27 10:34:47,101133,0.9981,16.00,25.4,27.3
2016-03-27 10:34:48,101145,0.9982,15.00,25.4,27.3
2016-03-27 10:34:49,101139,0.9982,15.50,25.5,27.3
2016-03-27 10:34:50,101145,0.9982,15.00,25.5,27.3
2016-03-27 10:34:51,101145,0.9982,15.00,25.5,27.3
2016-03-27 10:34:52,101145,0.9982,15.00,25.5,27.3
2016-03-27 10:34:53,101131,0.9981,16.16,25.4,27.3
2016-03-27 10:34:54,101139,0.9982,15.50,25.5,27.3
2016-03-27 10:34:56,101145,0.9982,15.00,25.4,27.3
2016-03-27 10:34:57,101136,0.9981,15.75,25.4,27.3
2016-03-27 10:34:58,101145,0.9982,15.00,25.5,27.3
2016-03-27 10:34:59,101142,0.9982,15.25,25.5,27.3
2016-03-27 10:35:00,101148,0.9983,14.74,25.5,27.3
2016-03-27 10:35:01,101133,0.9981,16.00,25.4,27.3
2016-03-27 10:35:02,101148,0.9983,14.74,25.5,27.3
2016-03-27 10:35:03,101131,0.9981,16.16,25.4,27.3
2016-03-27 10:35:04,101145,0.9982,15.00,25.4,27.3
2016-03-27 10:35:05,101136,0.9981,15.75,25.4,27.3
2016-03-27 10:35:06,101139,0.9982,15.50,25.4,27.3
2016-03-27 10:35:07,101142,0.9982,15.25,25.4,27.3
2016-03-27 10:35:08,101139,0.9982,15.50,25.5,27.3
2016-03-27 10:35:09,101136,0.9981,15.75,25.4,27.3
2016-03-27 10:35:10,101151,0.9983,14.50,25.4,27.3
2016-03-27 10:35:11,101142,0.9982,15.25,25.4,27.3
2016-03-27 10:35:12,101136,0.9981,15.75,25.4,27.3
2016-03-27 10:35:13,101145,0.9982,15.00,25.4,27.3
2016-03-27 10:35:14,101136,0.9981,15.75,25.4,27.3
2016-03-27 10:35:15,101145,0.9982,15.00,25.4,27.3
2016-03-27 10:35:16,101128,0.9981,16.41,25.4,27.3
2016-03-27 10:35:17,101148,0.9983,14.74,25.4,27.3
2016-03-27 10:35:18,101133,0.9981,16.00,25.4,27.3
2016-03-27 10:35:19,101136,0.9981,15.75,25.4,27.3
2016-03-27 10:35:21,101142,0.9982,15.25,25.4,27.3
2016-03-27 10:35:22,101145,0.9982,15.00,25.4,27.3
2016-03-27 10:35:23,101136,0.9981,15.75,25.4,27.3
2016-03-27 10:35:24,101139,0.9982,15.50,25.4,27.3
2016-03-27 10:35:25,101148,0.9983,14.74,25.5,27.3
2016-03-27 10:35:26,101139,0.9982,15.50,25.4,27.3
2016-03-27 10:35:27,101133,0.9981,16.00,25.5,27.3
2016-03-27 10:35:28,101136,0.9981,15.75,25.5,27.3
2016-03-27 10:35:29,101139,0.9982,15.50,25.4,27.3
2016-03-27 10:35:30,101139,0.9982,15.50,25.5,27.3
2016-03-27 10:35:31,101131,0.9981,16.16,25.5,27.3
2016-03-27 10:35:32,101142,0.9982,15.25,25.4,27.3
2016-03-27 10:35:33,101145,0.9982,15.00,25.5,27.3
2016-03-27 10:35:34,101145,0.9982,15.00,25.4,27.3
2016-03-27 10:35:35,101145,0.9982,15.00,25.5,27.3
2016-03-27 10:35:36,101136,0.9981,15.75,25.4,27.3
2016-03-27 10:35:37,101142,0.9982,15.25,25.4,27.3
2016-03-27 10:35:38,101139,0.9982,15.50,25.4,27.3
2016-03-27 10:35:39,101136,0.9981,15.75,25.4,27.3
2016-03-27 10:35:40,101145,0.9982,15.00,25.4,27.3
2016-03-27 10:35:41,101133,0.9981,16.00,25.4,27.3
2016-03-27 10:35:42,101151,0.9983,14.50,25.4,27.3
2016-03-27 10:35:43,101154,0.9983,14.24,25.5,27.3
2016-03-27 10:35:44,101139,0.9982,15.50,25.4,27.3
2016-03-27 10:35:46,101139,0.9982,15.50,25.4,27.3
2016-03-27 10:35:47,101133,0.9981,16.00,25.4,27.3
2016-03-27 10:35:48,101145,0.9982,15.00,25.4,27.3
2016-03-27 10:35:49,101139,0.9982,15.50,25.4,27.3
2016-03-27 10:35:50,101133,0.9981,16.00,25.4,27.3
